Группа;Дата;Пара;Время;Занятия
"ТАКХС-Пф-1203";"2026-10-07";1;"1 пара (08:30-09:55)";"-"
"ТАКХС-Пф-1203";"2026-10-07";2;"2 пара (10:05-11:30)";"химия — вся группа, Семенова Лилиана Ивановна, Кривоусова"
"ТАКХС-Пф-1203";"2026-10-07";3;"3 пара (12:25-13:50)";"химия — вся группа, Семенова Лилиана Ивановна, Кривоусова"
"ТАКХС-Пф-1203";"2026-10-07";4;"4 пара (14:00-15:25)";"литература — вся группа, Хасанова Гузель Хамитовна, Кривоусова"
"ТАКХС-Пф-1203";"2026-10-07";5;"5 пара (15:35-16:55)";"литература — вся группа, Хасанова Гузель Хамитовна, Кривоусова"
"ТАКХС-Пф-1203";"2026-10-07";6;"6 пара (17:05-18:25)";"-"
"ТАКХС-Пф-1203";"2026-10-07";7;"7 пара (18:35-19:55)";"-"
"ТМ-1419";"2026-10-07";1;"1 пара (08:30-09:55)";"-"
"ТМ-1419";"2026-10-07";2;"2 пара (10:05-11:30)";"информатика — 1 п/г, Третяк Надежда Александровна, Кривоусова"
"ТМ-1419";"2026-10-07";3;"3 пара (12:25-13:50)";"обществознание — вся группа, Цимфер Татьяна Ивановна, Кривоусова"
"ТМ-1419";"2026-10-07";4;"4 пара (14:00-15:25)";"физика — вся группа, Силенок Марина Юрьевна, Кривоусова"
"ТМ-1419";"2026-10-07";5;"5 пара (15:35-16:55)";"обществознание — вся группа, Цимфер Татьяна Ивановна, Кривоусова"
"ТМ-1419";"2026-10-07";6;"6 пара (17:05-18:25)";"-"
"ТМ-1419";"2026-10-07";7;"7 пара (18:35-19:55)";"-"
"ТМ-1420";"2026-10-07";1;"1 пара (08:30-09:55)";"-"
"ТМ-1420";"2026-10-07";2;"2 пара (10:05-11:30)";"биология — вся группа, Никонова Антонина Олеговна, Кривоусова"
"ТМ-1420";"2026-10-07";3;"3 пара (12:25-13:50)";"литература — вся группа, Хасанова Гузель Хамитовна, Кривоусова"
"ТМ-1420";"2026-10-07";4;"4 пара (14:00-15:25)";"обществознание — вся группа, Цимфер Татьяна Ивановна, Кривоусова"
"ТМ-1420";"2026-10-07";5;"5 пара (15:35-16:55)";"физика — вся группа, Силенок Марина Юрьевна, Кривоусова"
"ТМ-1420";"2026-10-07";6;"6 пара (17:05-18:25)";"-"
"ТМ-1420";"2026-10-07";7;"7 пара (18:35-19:55)";"-"
"МЦМ-Пф-103";"2026-10-07";1;"1 пара (08:30-09:55)";"история — вся группа, Вагайская Татьяна Александровна, Лесная"
"МЦМ-Пф-103";"2026-10-07";2;"2 пара (10:05-11:30)";"история — вся группа, Вагайская Татьяна Александровна, Лесная"
"МЦМ-Пф-103";"2026-10-07";3;"3 пара (12:25-13:50)";"введение в специальность — вся группа, Костарева Наталья Викторовна, Лесная"
"МЦМ-Пф-103";"2026-10-07";4;"4 пара (14:00-15:25)";"математика — вся группа, Домарева Ирина Вячеславовна, Лесная"
"МЦМ-Пф-103";"2026-10-07";5;"5 пара (15:35-16:55)";"-"
"МЦМ-Пф-103";"2026-10-07";6;"6 пара (17:05-18:25)";"-"
"МЦМ-Пф-103";"2026-10-07";7;"7 пара (18:35-19:55)";"-"
"СП-Пф-1605";"2026-10-07";1;"1 пара (08:30-09:55)";"-"
"СП-Пф-1605";"2026-10-07";2;"2 пара (10:05-11:30)";"информатика — 1 п/г, Круглова Юлия Петровна, Кривоусова"
"СП-Пф-1605";"2026-10-07";3;"3 пара (12:25-13:50)";"математика — вся группа, Журавский Константин Сергеевич, Кривоусова"
"СП-Пф-1605";"2026-10-07";4;"4 пара (14:00-15:25)";"основы безопасности и защиты Родины — вся группа, Потапова Регина Александровна, Кривоусова"
"СП-Пф-1605";"2026-10-07";5;"5 пара (15:35-16:55)";"основы безопасности и защиты Родины — вся группа, Потапова Регина Александровна, Кривоусова"
"СП-Пф-1605";"2026-10-07";6;"6 пара (17:05-18:25)";"-"
"СП-Пф-1605";"2026-10-07";7;"7 пара (18:35-19:55)";"-"
"СП-Пф-1606п";"2026-10-07";1;"1 пара (08:30-09:55)";"информатика — 1 п/г, Круглова Юлия Петровна, Кривоусова"
"СП-Пф-1606п";"2026-10-07";2;"2 пара (10:05-11:30)";"математика — вся группа, Журавский Константин Сергеевич, Кривоусова"
"СП-Пф-1606п";"2026-10-07";3;"3 пара (12:25-13:50)";"физика — вся группа, Силенок Марина Юрьевна, Кривоусова"
"СП-Пф-1606п";"2026-10-07";4;"4 пара (14:00-15:25)";"математика — вся группа, Журавский Константин Сергеевич, Кривоусова"
"СП-Пф-1606п";"2026-10-07";5;"5 пара (15:35-16:55)";"-"
"СП-Пф-1606п";"2026-10-07";6;"6 пара (17:05-18:25)";"-"
"СП-Пф-1606п";"2026-10-07";7;"7 пара (18:35-19:55)";"-"
"ЭОЭ-Пф-151";"2026-10-07";1;"1 пара (08:30-09:55)";"-"
"ЭОЭ-Пф-151";"2026-10-07";2;"2 пара (10:05-11:30)";"русский язык — вся группа, Кибардина Татьяна Леонидовна, Кривоусова"
"ЭОЭ-Пф-151";"2026-10-07";3;"3 пара (12:25-13:50)";"биология — вся группа, Никонова Антонина Олеговна, Кривоусова"
"ЭОЭ-Пф-151";"2026-10-07";4;"4 пара (14:00-15:25)";"информатика — вся группа, Комарова Яна Николаевна, Кривоусова"
"ЭОЭ-Пф-151";"2026-10-07";5;"5 пара (15:35-16:55)";"информатика — 1 п/г, Комарова Яна Николаевна, Кривоусова"
"ЭОЭ-Пф-151";"2026-10-07";6;"6 пара (17:05-18:25)";"-"
"ЭОЭ-Пф-151";"2026-10-07";7;"7 пара (18:35-19:55)";"-"
"РУП-1301п";"2026-10-07";1;"1 пара (08:30-09:55)";"-"
"РУП-1301п";"2026-10-07";2;"2 пара (10:05-11:30)";"основы безопасности и защиты Родины — вся группа, Потапова Регина Александровна, Кривоусова"
"РУП-1301п";"2026-10-07";3;"3 пара (12:25-13:50)";"основы безопасности и защиты Родины — вся группа, Потапова Регина Александровна, Кривоусова"
"РУП-1301п";"2026-10-07";4;"4 пара (14:00-15:25)";"техника бесконфликтного общения — вся группа, Рабенок Мария Александровна, Кривоусова"
"РУП-1301п";"2026-10-07";5;"5 пара (15:35-16:55)";"литература — вся группа, Кибардина Татьяна Леонидовна, Кривоусова"
"РУП-1301п";"2026-10-07";6;"6 пара (17:05-18:25)";"-"
"РУП-1301п";"2026-10-07";7;"7 пара (18:35-19:55)";"-"
"ПКД-1809";"2026-10-07";1;"1 пара (08:30-09:55)";"-"
"ПКД-1809";"2026-10-07";2;"2 пара (10:05-11:30)";"химия — вся группа, Соболева Любовь Анатольевна, Кривоусова"
"ПКД-1809";"2026-10-07";3;"3 пара (12:25-13:50)";"информатика — вся группа, Ланитина Елена Сергеевна, Кривоусова"
"ПКД-1809";"2026-10-07";4;"4 пара (14:00-15:25)";"история — вся группа, Дроговейко Дарья Юрьевна, Кривоусова"
"ПКД-1809";"2026-10-07";5;"5 пара (15:35-16:55)";"история — вся группа, Дроговейко Дарья Юрьевна, Кривоусова"
"ПКД-1809";"2026-10-07";6;"6 пара (17:05-18:25)";"-"
"ПКД-1809";"2026-10-07";7;"7 пара (18:35-19:55)";"-"
"ТОиРА-1702";"2026-10-07";1;"1 пара (08:30-09:55)";"-"
"ТОиРА-1702";"2026-10-07";2;"2 пара (10:05-11:30)";"информатика — 1 п/г, Логинова Ксения Ивановна, Кривоусова"
"ТОиРА-1702";"2026-10-07";3;"3 пара (12:25-13:50)";"информатика — 1 п/г, Логинова Ксения Ивановна, Кривоусова"
"ТОиРА-1702";"2026-10-07";4;"4 пара (14:00-15:25)";"информатика — 1 п/г, Логинова Ксения Ивановна, Кривоусова"
"ТОиРА-1702";"2026-10-07";5;"5 пара (15:35-16:55)";"математика — вся группа, Журавский Константин Сергеевич, Кривоусова"
"ТОиРА-1702";"2026-10-07";6;"6 пара (17:05-18:25)";"информатика — 2 п/г, Логинова Ксения Ивановна, Кривоусова"
"ТОиРА-1702";"2026-10-07";7;"7 пара (18:35-19:55)";"информатика — 2 п/г, Логинова Ксения Ивановна, Кривоусова"
"ТОиРА-1703п";"2026-10-07";1;"1 пара (08:30-09:55)";"информатика — 2 п/г, Логинова Ксения Ивановна, Кривоусова"
"ТОиРА-1703п";"2026-10-07";2;"2 пара (10:05-11:30)";"основы безопасности и защиты Родины — вся группа, Тарасов Игорь Викторович, Кривоусова"
"ТОиРА-1703п";"2026-10-07";3;"3 пара (12:25-13:50)";"литература — вся группа, Кибардина Татьяна Леонидовна, Кривоусова"
"ТОиРА-1703п";"2026-10-07";4;"4 пара (14:00-15:25)";"литература — вся группа, Кибардина Татьяна Леонидовна, Кривоусова"
"ТОиРА-1703п";"2026-10-07";5;"5 пара (15:35-16:55)";"информатика — 1 п/г, Логинова Ксения Ивановна, Кривоусова"
"ТОиРА-1703п";"2026-10-07";6;"6 пара (17:05-18:25)";"-"
"ТОиРА-1703п";"2026-10-07";7;"7 пара (18:35-19:55)";"-"
"ТИК-212";"2026-10-07";1;"1 пара (08:30-09:55)";"ЛПЗ ВМДК.02.01 Технология выполнения типовых парикмахерских услуг — 1 п/г, Дорохова Евгения Владимировна, Кривоусова"
"ТИК-212";"2026-10-07";2;"2 пара (10:05-11:30)";"ВМДК.02.01 Технология выполнения типовых парикмахерских услуг — вся группа, Дорохова Евгения Владимировна, Кривоусова"
"ТИК-212";"2026-10-07";3;"3 пара (12:25-13:50)";"МДК.01.02 Выполнение химического воздействия на волосы — вся группа, Дорохова Евгения Владимировна, Кривоусова"
"ТИК-212";"2026-10-07";4;"4 пара (14:00-15:25)";"Иностранный язык в профессиональной деятельности — 2 п/г, Шадрина Елена Федоровна, Кривоусова | ЛПЗ ВМДК.02.01 Технология выполнения типовых парикмахерских услуг — 1 п/г, Дорохова Евгения Владимировна, Кривоусова"
"ТИК-212";"2026-10-07";5;"5 пара (15:35-16:55)";"Иностранный язык в профессиональной деятельности — 2 п/г, Шадрина Елена Федоровна, Кривоусова"
"ТИК-212";"2026-10-07";6;"6 пара (17:05-18:25)";"-"
"ТИК-212";"2026-10-07";7;"7 пара (18:35-19:55)";"-"
"ТЭиРП-2901";"2026-10-07";1;"1 пара (08:30-09:55)";"-"
"ТЭиРП-2901";"2026-10-07";2;"2 пара (10:05-11:30)";"-"
"ТЭиРП-2901";"2026-10-07";3;"3 пара (12:25-13:50)";"Физическая культура — вся группа, Нуров Мирзо Нуралиевич, Лесная"
"ТЭиРП-2901";"2026-10-07";4;"4 пара (14:00-15:25)";"История России — вся группа, Лучинин Александр Васильевич, Лесная"
"ТЭиРП-2901";"2026-10-07";5;"5 пара (15:35-16:55)";"История России — вся группа, Лучинин Александр Васильевич, Лесная"
"ТЭиРП-2901";"2026-10-07";6;"6 пара (17:05-18:25)";"История России — вся группа, Лучинин Александр Васильевич, Лесная"
"ТЭиРП-2901";"2026-10-07";7;"7 пара (18:35-19:55)";"-"
"ОСА-491";"2026-10-07";1;"1 пара (08:30-09:55)";"ЛПЗ МДК.03.01 Планирование материально-технического обеспечения работ по монтажу, наладке и техническому обслуживанию систем и средств автоматизации — 2 п/г, Осипчук Александр Александрович, Кривоусова"
"ОСА-491";"2026-10-07";2;"2 пара (10:05-11:30)";"ЛПЗ МДК.02.02 Испытания модели элементов систем автоматизации в реальных условиях и их оптимизация — 2 п/г, Осипчук Александр Александрович, Кривоусова"
"ОСА-491";"2026-10-07";3;"3 пара (12:25-13:50)";"ЛПЗ МДК.03.02 Разработка, организация и контроль качества работ по монтажу, наладке и техническому обслуживанию систем и средств автоматизации — 2 п/г, Осипчук Александр Александрович, Кривоусова"
"ОСА-491";"2026-10-07";4;"4 пара (14:00-15:25)";"ЛПЗ ВМДК.05.02 Технология выполнения слесарных и слесарно-сборочных работ — 1 п/г, Осипчук Александр Александрович, Кривоусова"
"ОСА-491";"2026-10-07";5;"5 пара (15:35-16:55)";"ЛПЗ МДК.02.02 Испытания модели элементов систем автоматизации в реальных условиях и их оптимизация — 1 п/г, Осипчук Александр Александрович, Кривоусова"
"ОСА-491";"2026-10-07";6;"6 пара (17:05-18:25)";"ЛПЗ ВМДК.05.02 Технология выполнения слесарных и слесарно-сборочных работ — 1 п/г, Осипчук Александр Александрович, Кривоусова"
"ОСА-491";"2026-10-07";7;"7 пара (18:35-19:55)";"ЛПЗ МДК.02.02 Испытания модели элементов систем автоматизации в реальных условиях и их оптимизация — 1 п/г, Осипчук Александр Александрович, Кривоусова"
"МЦМ-Пф-202";"2026-10-07";1;"1 пара (08:30-09:55)";"Информационные технологии в профессиональной деятельности — 2 п/г, Ланитина Елена Сергеевна, Кривоусова"
"МЦМ-Пф-202";"2026-10-07";2;"2 пара (10:05-11:30)";"Информационные технологии в профессиональной деятельности — 2 п/г, Ланитина Елена Сергеевна, Кривоусова"
"МЦМ-Пф-202";"2026-10-07";3;"3 пара (12:25-13:50)";"-"
"МЦМ-Пф-202";"2026-10-07";4;"4 пара (14:00-15:25)";"-"
"МЦМ-Пф-202";"2026-10-07";5;"5 пара (15:35-16:55)";"Информационные технологии в профессиональной деятельности — 1 п/г, Ланитина Елена Сергеевна, Кривоусова"
"МЦМ-Пф-202";"2026-10-07";6;"6 пара (17:05-18:25)";"Информационные технологии в профессиональной деятельности — 1 п/г, Ланитина Елена Сергеевна, Кривоусова"
"МЦМ-Пф-202";"2026-10-07";7;"7 пара (18:35-19:55)";"-"
"МЦМ-Пф-301";"2026-10-07";1;"1 пара (08:30-09:55)";"ЛПЗ МДК 02.01 Металлургия цветных металлов — 2 п/г, Попова Татьяна Вильевна, Кривоусова"
"МЦМ-Пф-301";"2026-10-07";2;"2 пара (10:05-11:30)";"ЛПЗ МДК 02.01 Металлургия цветных металлов — 2 п/г, Попова Татьяна Вильевна, Кривоусова"
"МЦМ-Пф-301";"2026-10-07";3;"3 пара (12:25-13:50)";"ЛПЗ МДК 02.01 Металлургия цветных металлов — 1 п/г, Попова Татьяна Вильевна, Кривоусова"
"МЦМ-Пф-301";"2026-10-07";4;"4 пара (14:00-15:25)";"ЛПЗ МДК 02.01 Металлургия цветных металлов — 1 п/г, Попова Татьяна Вильевна, Кривоусова"
"МЦМ-Пф-301";"2026-10-07";5;"5 пара (15:35-16:55)";"ЛПЗ МДК 02.01 Металлургия цветных металлов — 1 п/г, Попова Татьяна Вильевна, Кривоусова"
"МЦМ-Пф-301";"2026-10-07";6;"6 пара (17:05-18:25)";"ЛПЗ МДК.02.05 Автоматизация технологических процессов производства цветных металлов и сплавов — 1 п/г, Сивилькаев Вадим Михайлович, Кривоусова"
"МЦМ-Пф-301";"2026-10-07";7;"7 пара (18:35-19:55)";"-"
"МЦМ-408";"2026-10-07";1;"1 пара (08:30-09:55)";"Иностранный язык — 1 п/г, Давыдова Валентина Алексеевна, Лесная"
"МЦМ-408";"2026-10-07";2;"2 пара (10:05-11:30)";"Иностранный язык — 2 п/г, Давыдова Валентина Алексеевна, Лесная | МДК.04.05 Информационные технологии в профессиональной деятельности — 1 п/г, Азарян Карине Айказовна, Лесная"
"МЦМ-408";"2026-10-07";3;"3 пара (12:25-13:50)";"Эффективное поведение на рынке труда — вся группа, Кропотова Анастасия Андреевна, Лесная"
"МЦМ-408";"2026-10-07";4;"4 пара (14:00-15:25)";"МДК.04.05 Информационные технологии в профессиональной деятельности — 2 п/г, Азарян Карине Айказовна, Лесная"
"МЦМ-408";"2026-10-07";5;"5 пара (15:35-16:55)";"МДК.04.05 Информационные технологии в профессиональной деятельности — 2 п/г, Азарян Карине Айказовна, Лесная"
"МЦМ-408";"2026-10-07";6;"6 пара (17:05-18:25)";"-"
"МЦМ-408";"2026-10-07";7;"7 пара (18:35-19:55)";"-"
"ТАКХС-Пф-2202";"2026-10-07";1;"1 пара (08:30-09:55)";"-"
"ТАКХС-Пф-2202";"2026-10-07";2;"2 пара (10:05-11:30)";"-"
"ТАКХС-Пф-2202";"2026-10-07";3;"3 пара (12:25-13:50)";"-"
"ТАКХС-Пф-2202";"2026-10-07";4;"4 пара (14:00-15:25)";"Иностранный язык в профессиональной деятельности — 2 п/г, Синельникова Елена Владимировна, Кривоусова"
"ТАКХС-Пф-2202";"2026-10-07";5;"5 пара (15:35-16:55)";"ВМДК.04.02 Химический анализ сырья, материалов и готовой продукции — вся группа, Рахматулина Наталья Владимировна, Кривоусова"
"ТАКХС-Пф-2202";"2026-10-07";6;"6 пара (17:05-18:25)";"Физическая и коллоидная химия — вся группа, Семенова Лилиана Ивановна, Кривоусова"
"ТАКХС-Пф-2202";"2026-10-07";7;"7 пара (18:35-19:55)";"Физическая и коллоидная химия — вся группа, Семенова Лилиана Ивановна, Кривоусова"
"ТАКХС-3201";"2026-10-07";1;"1 пара (08:30-09:55)";"Иностранный язык в профессиональной деятельности — 2 п/г, Синельникова Елена Владимировна, Кривоусова"
"ТАКХС-3201";"2026-10-07";2;"2 пара (10:05-11:30)";"Иностранный язык в профессиональной деятельности — 2 п/г, Синельникова Елена Владимировна, Кривоусова"
"ТАКХС-3201";"2026-10-07";3;"3 пара (12:25-13:50)";"-"
"ТАКХС-3201";"2026-10-07";4;"4 пара (14:00-15:25)";"ЛПЗ МДК.02.01 Основы качественного и количественного анализа природных и промышленных материалов — 1 п/г, Семенова Лилиана Ивановна, Кривоусова"
"ТАКХС-3201";"2026-10-07";5;"5 пара (15:35-16:55)";"ЛПЗ МДК.02.01 Основы качественного и количественного анализа природных и промышленных материалов — 1 п/г, Семенова Лилиана Ивановна, Кривоусова"
"ТАКХС-3201";"2026-10-07";6;"6 пара (17:05-18:25)";"Иностранный язык в профессиональной деятельности — 1 п/г, Синельникова Елена Владимировна, Кривоусова"
"ТАКХС-3201";"2026-10-07";7;"7 пара (18:35-19:55)";"Иностранный язык в профессиональной деятельности — 1 п/г, Синельникова Елена Владимировна, Кривоусова"
"ТАКХС-4202";"2026-10-07";1;"1 пара (08:30-09:55)";"-"
"ТАКХС-4202";"2026-10-07";2;"2 пара (10:05-11:30)";"ЛПЗ МДК.03.01 Организация лабораторно-производственной деятельности — 2 п/г, Рахматулина Наталья Владимировна, Кривоусова"
"ТАКХС-4202";"2026-10-07";3;"3 пара (12:25-13:50)";"ЛПЗ МДК.03.01 Организация лабораторно-производственной деятельности — 2 п/г, Рахматулина Наталья Владимировна, Кривоусова"
"ТАКХС-4202";"2026-10-07";4;"4 пара (14:00-15:25)";"КП МДК.03.01 Организация лабораторно-производственной деятельности — вся группа, Рахматулина Наталья Владимировна, Кривоусова"
"ТАКХС-4202";"2026-10-07";5;"5 пара (15:35-16:55)";"Психология общения — вся группа, Ярославцева Елена Анатольевна, Кривоусова"
"ТАКХС-4202";"2026-10-07";6;"6 пара (17:05-18:25)";"ЛПЗ МДК.03.01 Организация лабораторно-производственной деятельности — 1 п/г, Рахматулина Наталья Владимировна, Кривоусова"
"ТАКХС-4202";"2026-10-07";7;"7 пара (18:35-19:55)";"ЛПЗ МДК.03.01 Организация лабораторно-производственной деятельности — 1 п/г, Рахматулина Наталья Владимировна, Кривоусова"
"ТЭО-Пф-3501";"2026-10-07";1;"1 пара (08:30-09:55)";"-"
"ТЭО-Пф-3501";"2026-10-07";2;"2 пара (10:05-11:30)";"МДК.02.02 Разработка документации по эксплуатации электрического и электромеханического оборудования — вся группа, Усков Алексей Николаевич, Кривоусова"
"ТЭО-Пф-3501";"2026-10-07";3;"3 пара (12:25-13:50)";"КП МДК.02.02 Разработка документации по эксплуатации электрического и электромеханического оборудования — вся группа, Усков Алексей Николаевич, Кривоусова"
"ТЭО-Пф-3501";"2026-10-07";4;"4 пара (14:00-15:25)";"МДК.02.02 Разработка документации по эксплуатации электрического и электромеханического оборудования — вся группа, Усков Алексей Николаевич, Кривоусова"
"ТЭО-Пф-3501";"2026-10-07";5;"5 пара (15:35-16:55)";"МДК.04.01 Выполнение монтажных работ, монтажное оборудование и контрольно-измерительные приборы — вся группа, Усков Алексей Николаевич, Кривоусова"
"ТЭО-Пф-3501";"2026-10-07";6;"6 пара (17:05-18:25)";"-"
"ТЭО-Пф-3501";"2026-10-07";7;"7 пара (18:35-19:55)";"-"
"ПКД-2808п";"2026-10-07";1;"1 пара (08:30-09:55)";"ЛПЗ ВМДК.07.02 Термическая обработка теста и отделка поверхности хлебобулочных изделий — 1 п/г, Чадова Марина Александровна, Кривоусова | ЛПЗ ВМДК.08.01 Технология приготовления, оформления и подготовка к реализации простых мучных кондитерских изделий разнообразного ассортимента — 2 п/г, Кузнецова Елизавета Олеговна, Кривоусова"
"ПКД-2808п";"2026-10-07";2;"2 пара (10:05-11:30)";"ЛПЗ ВМДК.07.02 Термическая обработка теста и отделка поверхности хлебобулочных изделий — 1 п/г, Чадова Марина Александровна, Кривоусова | ЛПЗ ВМДК.08.01 Технология приготовления, оформления и подготовка к реализации простых мучных кондитерских изделий разнообразного ассортимента — 2 п/г, Кузнецова Елизавета Олеговна, Кривоусова"
"ПКД-2808п";"2026-10-07";3;"3 пара (12:25-13:50)";"ЛПЗ МДК.01.01 Организация процессов приготовления, подготовки к реализации кулинарных полуфабрикатов — 2 п/г, Кузнецова Елизавета Олеговна, Кривоусова | ЛПЗ ВМДК.08.01 Технология приготовления, оформления и подготовка к реализации простых мучных кондитерских изделий разнообразного ассортимента — 1 п/г, Чадова Марина Александровна, Кривоусова"
"ПКД-2808п";"2026-10-07";4;"4 пара (14:00-15:25)";"ЛПЗ МДК.01.01 Организация процессов приготовления, подготовки к реализации кулинарных полуфабрикатов — 2 п/г, Кузнецова Елизавета Олеговна, Кривоусова | ЛПЗ ВМДК.08.01 Технология приготовления, оформления и подготовка к реализации простых мучных кондитерских изделий разнообразного ассортимента — 1 п/г, Чадова Марина Александровна, Кривоусова"
"ПКД-2808п";"2026-10-07";5;"5 пара (15:35-16:55)";"-"
"ПКД-2808п";"2026-10-07";6;"6 пара (17:05-18:25)";"-"
"ПКД-2808п";"2026-10-07";7;"7 пара (18:35-19:55)";"-"
"ПКД-3806/07п";"2026-10-07";1;"1 пара (08:30-09:55)";"-"
"ПКД-3806/07п";"2026-10-07";2;"2 пара (10:05-11:30)";"-"
"ПКД-3806/07п";"2026-10-07";3;"3 пара (12:25-13:50)";"ЛПЗ МДК.02.01 Организация процессов приготовления, подготовки к реализации горячих блюд, кулинарных изделий, закусок сложного ассортимента — 1 п/г, Конева Кристина Сергеевна, Кривоусова"
"ПКД-3806/07п";"2026-10-07";4;"4 пара (14:00-15:25)";"Информационные технологии в профессиональной деятельности/Адаптивные информационные и коммуникационные технологии — 2 п/г, Ланитина Елена Сергеевна, Кривоусова | ЛПЗ МДК.02.01 Организация процессов приготовления, подготовки к реализации горячих блюд, кулинарных изделий, закусок сложного ассортимента — 1 п/г, Конева Кристина Сергеевна, Кривоусова"
"ПКД-3806/07п";"2026-10-07";5;"5 пара (15:35-16:55)";"ЛПЗ ВМДК.07.02 Термическая обработка теста и отделка поверхности хлебобулочных изделий — 1 п/г, Чадова Марина Александровна, Кривоусова | ЛПЗ ВМДК.07.02 Термическая обработка теста и отделка поверхности хлебобулочных изделий — 2 п/г, Кузнецова Елизавета Олеговна, Кривоусова"
"ПКД-3806/07п";"2026-10-07";6;"6 пара (17:05-18:25)";"ЛПЗ ВМДК.07.02 Термическая обработка теста и отделка поверхности хлебобулочных изделий — 1 п/г, Чадова Марина Александровна, Кривоусова | ЛПЗ ВМДК.07.02 Термическая обработка теста и отделка поверхности хлебобулочных изделий — 2 п/г, Кузнецова Елизавета Олеговна, Кривоусова"
"ПКД-3806/07п";"2026-10-07";7;"7 пара (18:35-19:55)";"Информационные технологии в профессиональной деятельности/Адаптивные информационные и коммуникационные технологии — 2 п/г, Ланитина Елена Сергеевна, Кривоусова"
"ПКД-4805п";"2026-10-07";1;"1 пара (08:30-09:55)";"-"
"ПКД-4805п";"2026-10-07";2;"2 пара (10:05-11:30)";"-"
"ПКД-4805п";"2026-10-07";3;"3 пара (12:25-13:50)";"Иностранный язык в профессиональной деятельности — 2 п/г, Синельникова Елена Владимировна, Кривоусова"
"ПКД-4805п";"2026-10-07";4;"4 пара (14:00-15:25)";"МДК.06.01 Оперативное управление текущей деятельностью подчиненного персонала — вся группа, Елагина Ольга Александровна, Кривоусова"
"ПКД-4805п";"2026-10-07";5;"5 пара (15:35-16:55)";"Иностранный язык в профессиональной деятельности — 1 п/г, Синельникова Елена Владимировна, Кривоусова | ЛПЗ МДК.03.02 Процессы приготовления, подготовки к реализации холодных блюд, кулинарных изделий, закусок сложного ассортимента — 2 п/г, Конева Кристина Сергеевна, Кривоусова"
"ПКД-4805п";"2026-10-07";6;"6 пара (17:05-18:25)";"ЛПЗ МДК.03.02 Процессы приготовления, подготовки к реализации холодных блюд, кулинарных изделий, закусок сложного ассортимента — 2 п/г, Конева Кристина Сергеевна, Кривоусова | ЛПЗ МДК.06.01 Оперативное управление текущей деятельностью подчиненного персонала — 1 п/г, Елагина Ольга Александровна, Кривоусова"
"ПКД-4805п";"2026-10-07";7;"7 пара (18:35-19:55)";"ЛПЗ МДК.06.01 Оперативное управление текущей деятельностью подчиненного персонала — 1 п/г, Елагина Ольга Александровна, Кривоусова"
"СП-Пф-2603";"2026-10-07";1;"1 пара (08:30-09:55)";"ЛПЗ ВМДК.06.02 Технология ручной дуговой сварки неплавящимся электродом в защитном газе — 1 п/г, Лимонова Евгения Николаевна, Лесная"
"СП-Пф-2603";"2026-10-07";2;"2 пара (10:05-11:30)";"ЛПЗ ВМДК.06.02 Технология ручной дуговой сварки неплавящимся электродом в защитном газе — 1 п/г, Лимонова Евгения Николаевна, Лесная"
"СП-Пф-2603";"2026-10-07";3;"3 пара (12:25-13:50)";"Технология конструкционных материалов — вся группа, Ахметов Артур Фанависович, Лесная"
"СП-Пф-2603";"2026-10-07";4;"4 пара (14:00-15:25)";"Физическая культура — вся группа, Нуров Мирзо Нуралиевич, Лесная"
"СП-Пф-2603";"2026-10-07";5;"5 пара (15:35-16:55)";"Иностранный язык в профессиональной деятельности — 2 п/г, Ермолина Ирина Павловна, Лесная"
"СП-Пф-2603";"2026-10-07";6;"6 пара (17:05-18:25)";"Иностранный язык в профессиональной деятельности — 2 п/г, Ермолина Ирина Павловна, Лесная"
"СП-Пф-2603";"2026-10-07";7;"7 пара (18:35-19:55)";"-"
"СП-Пф-2604п";"2026-10-07";1;"1 пара (08:30-09:55)";"-"
"СП-Пф-2604п";"2026-10-07";2;"2 пара (10:05-11:30)";"-"
"СП-Пф-2604п";"2026-10-07";3;"3 пара (12:25-13:50)";"-"
"СП-Пф-2604п";"2026-10-07";4;"4 пара (14:00-15:25)";"География — вся группа, Кропотова Анастасия Андреевна, Лесная"
"СП-Пф-2604п";"2026-10-07";5;"5 пара (15:35-16:55)";"Охрана труда — вся группа, Костарева Наталья Викторовна, Лесная"
"СП-Пф-2604п";"2026-10-07";6;"6 пара (17:05-18:25)";"Охрана труда — вся группа, Костарева Наталья Викторовна, Лесная"
"СП-Пф-2604п";"2026-10-07";7;"7 пара (18:35-19:55)";"География — вся группа, Кропотова Анастасия Андреевна, Лесная"
"СП-Пф-3601";"2026-10-07";1;"1 пара (08:30-09:55)";"УП.01 (УП утро 08:30-12:30) — 1 п/г, Подчиненнов Александр Юрьевич, Лесная"
"СП-Пф-3601";"2026-10-07";2;"2 пара (10:05-11:30)";"-"
"СП-Пф-3601";"2026-10-07";3;"3 пара (12:25-13:50)";"ЛПЗ МДК.05.02 Технология ручной дуговой сварки неплавящимся электродом в защитном газе — 2 п/г, Лимонова Евгения Николаевна, Лесная"
"СП-Пф-3601";"2026-10-07";4;"4 пара (14:00-15:25)";"ЛПЗ МДК.05.02 Технология ручной дуговой сварки неплавящимся электродом в защитном газе — 2 п/г, Лимонова Евгения Николаевна, Лесная"
"СП-Пф-3601";"2026-10-07";5;"5 пара (15:35-16:55)";"ЛПЗ МДК.05.01 Электросварочные работы на автоматических и полуавтоматических машинах — 2 п/г, Лимонова Евгения Николаевна, Лесная"
"СП-Пф-3601";"2026-10-07";6;"6 пара (17:05-18:25)";"ЛПЗ МДК.05.01 Электросварочные работы на автоматических и полуавтоматических машинах — 2 п/г, Лимонова Евгения Николаевна, Лесная"
"СП-Пф-3601";"2026-10-07";7;"7 пара (18:35-19:55)";"-"
"СП-Пф-3602п";"2026-10-07";1;"1 пара (08:30-09:55)";"-"
"СП-Пф-3602п";"2026-10-07";2;"2 пара (10:05-11:30)";"-"
"СП-Пф-3602п";"2026-10-07";3;"3 пара (12:25-13:50)";"УП.01 (УП день 13:00-17:00) — вся группа, Подчиненнов Александр Юрьевич, Лесная"
"СП-Пф-3602п";"2026-10-07";4;"4 пара (14:00-15:25)";"-"
"СП-Пф-3602п";"2026-10-07";5;"5 пара (15:35-16:55)";"-"
"СП-Пф-3602п";"2026-10-07";6;"6 пара (17:05-18:25)";"-"
"СП-Пф-3602п";"2026-10-07";7;"7 пара (18:35-19:55)";"-"
"СП-4611";"2026-10-07";1;"1 пара (08:30-09:55)";"ЛПЗ МДК.02.02 Основы проектирования технологических процессов — 1 п/г, Ахметов Артур Фанависович, Лесная"
"СП-4611";"2026-10-07";2;"2 пара (10:05-11:30)";"ЛПЗ МДК.02.02 Основы проектирования технологических процессов — 1 п/г, Ахметов Артур Фанависович, Лесная"
"СП-4611";"2026-10-07";3;"3 пара (12:25-13:50)";"Иностранный язык — 1 п/г, Давыдова Валентина Алексеевна, Лесная"
"СП-4611";"2026-10-07";4;"4 пара (14:00-15:25)";"ЛПЗ МДК.01.02 Основное оборудование для производства сварных конструкций — 2 п/г, Ахметов Артур Фанависович, Лесная"
"СП-4611";"2026-10-07";5;"5 пара (15:35-16:55)";"ЛПЗ МДК.01.02 Основное оборудование для производства сварных конструкций — 2 п/г, Ахметов Артур Фанависович, Лесная"
"СП-4611";"2026-10-07";6;"6 пара (17:05-18:25)";"ЛПЗ МДК.02.02 Основы проектирования технологических процессов — 2 п/г, Ахметов Артур Фанависович, Лесная"
"СП-4611";"2026-10-07";7;"7 пара (18:35-19:55)";"ЛПЗ МДК.02.02 Основы проектирования технологических процессов — 2 п/г, Ахметов Артур Фанависович, Лесная"
"СП-4612п";"2026-10-07";1;"1 пара (08:30-09:55)";"Менеджмент — вся группа, Елагина Ольга Александровна, Кривоусова"
"СП-4612п";"2026-10-07";2;"2 пара (10:05-11:30)";"Менеджмент — вся группа, Елагина Ольга Александровна, Кривоусова"
"СП-4612п";"2026-10-07";3;"3 пара (12:25-13:50)";"Менеджмент — вся группа, Елагина Ольга Александровна, Кривоусова"
"СП-4612п";"2026-10-07";4;"4 пара (14:00-15:25)";"-"
"СП-4612п";"2026-10-07";5;"5 пара (15:35-16:55)";"-"
"СП-4612п";"2026-10-07";6;"6 пара (17:05-18:25)";"-"
"СП-4612п";"2026-10-07";7;"7 пара (18:35-19:55)";"-"
"ТОиРА-2701п";"2026-10-07";1;"1 пара (08:30-09:55)";"ЛПЗ ВМДК.04.01 Слесарное дело и технические измерения — 1 п/г, Самцов Андрей Евгеньевич, Лесная | ЛПЗ ВМДК.04.01 Слесарное дело и технические измерения — 2 п/г, Тимеров Валерий Вагизович, Лесная"
"ТОиРА-2701п";"2026-10-07";2;"2 пара (10:05-11:30)";"ЛПЗ ВМДК.04.01 Слесарное дело и технические измерения — 1 п/г, Самцов Андрей Евгеньевич, Лесная | ЛПЗ ВМДК.04.01 Слесарное дело и технические измерения — 2 п/г, Тимеров Валерий Вагизович, Лесная"
"ТОиРА-2701п";"2026-10-07";3;"3 пара (12:25-13:50)";"Иностранный язык в профессиональной деятельности — 2 п/г, Ермолина Ирина Павловна, Лесная | ЛПЗ ВМДК.04.02 Диагностика, техническое обслуживание и ремонт мехатронных систем автомобиля — 1 п/г, Самцов Андрей Евгеньевич, Лесная"
"ТОиРА-2701п";"2026-10-07";4;"4 пара (14:00-15:25)";"Иностранный язык в профессиональной деятельности — 2 п/г, Ермолина Ирина Павловна, Лесная | ЛПЗ ВМДК.04.02 Диагностика, техническое обслуживание и ремонт мехатронных систем автомобиля — 1 п/г, Самцов Андрей Евгеньевич, Лесная"
"ТОиРА-2701п";"2026-10-07";5;"5 пара (15:35-16:55)";"-"
"ТОиРА-2701п";"2026-10-07";6;"6 пара (17:05-18:25)";"-"
"ТОиРА-2701п";"2026-10-07";7;"7 пара (18:35-19:55)";"-"
"ТОРД-3706";"2026-10-07";1;"1 пара (08:30-09:55)";"Безопасность жизнедеятельности — вся группа, Потапова Регина Александровна, Кривоусова"
"ТОРД-3706";"2026-10-07";2;"2 пара (10:05-11:30)";"ВМДК.05.03 Психофизиологические основы деятельности водителля — вся группа, Ярославцева Елена Анатольевна, Кривоусова"
"ТОРД-3706";"2026-10-07";3;"3 пара (12:25-13:50)";"ВМДК.05.03 Психофизиологические основы деятельности водителля — вся группа, Ярославцева Елена Анатольевна, Кривоусова"
"ТОРД-3706";"2026-10-07";4;"4 пара (14:00-15:25)";"ВМДК.05.03 Психофизиологические основы деятельности водителля — вся группа, Ярославцева Елена Анатольевна, Кривоусова"
"ТОРД-3706";"2026-10-07";5;"5 пара (15:35-16:55)";"-"
"ТОРД-3706";"2026-10-07";6;"6 пара (17:05-18:25)";"-"
"ТОРД-3706";"2026-10-07";7;"7 пара (18:35-19:55)";"-"
"ТОРД-3707п";"2026-10-07";1;"1 пара (08:30-09:55)";"Автоматизация автомастерской в компьютерной программе ""1С предприятие 8: ""Автосервис"" — 1 п/г, Азарян Карине Айказовна, Лесная"
"ТОРД-3707п";"2026-10-07";2;"2 пара (10:05-11:30)";"Иностранный язык в профессиональной деятельности — 1 п/г, Новосёлова Светлана Юрьевна, Лесная"
"ТОРД-3707п";"2026-10-07";3;"3 пара (12:25-13:50)";"Автоматизация автомастерской в компьютерной программе ""1С предприятие 8: ""Автосервис"" — 1 п/г, Азарян Карине Айказовна, Лесная"
"ТОРД-3707п";"2026-10-07";4;"4 пара (14:00-15:25)";"Иностранный язык в профессиональной деятельности — 1 п/г, Новосёлова Светлана Юрьевна, Лесная | ЛПЗ ВМДК.04.02 Диагностика, техническое обслуживание и ремонт мехатронных систем автомобиля — 2 п/г, Тимеров Валерий Вагизович, Лесная"
"ТОРД-3707п";"2026-10-07";5;"5 пара (15:35-16:55)";"ЛПЗ ВМДК.04.02 Диагностика, техническое обслуживание и ремонт мехатронных систем автомобиля — 2 п/г, Тимеров Валерий Вагизович, Лесная"
"ТОРД-3707п";"2026-10-07";6;"6 пара (17:05-18:25)";"ЛПЗ ВМДК.04.01 Слесарное дело и технические измерения — 2 п/г, Самцов Андрей Евгеньевич, Лесная"
"ТОРД-3707п";"2026-10-07";7;"7 пара (18:35-19:55)";"ЛПЗ ВМДК.04.01 Слесарное дело и технические измерения — 2 п/г, Самцов Андрей Евгеньевич, Лесная"
"ТОРД-4705п";"2026-10-07";1;"1 пара (08:30-09:55)";"-"
"ТОРД-4705п";"2026-10-07";2;"2 пара (10:05-11:30)";"КП МДК.02.02 Управление процессом технического обслуживания и ремонта автомобилей — вся группа, Абрамчук Раида Филимазовна, Лесная"
"ТОРД-4705п";"2026-10-07";3;"3 пара (12:25-13:50)";"МДК.03.02 Организация работ по модернизации автотранспортных средств — вся группа, Тимеров Валерий Вагизович, Лесная"
"ТОРД-4705п";"2026-10-07";4;"4 пара (14:00-15:25)";"Охрана труда — вся группа, Костарева Наталья Викторовна, Лесная"
"ТОРД-4705п";"2026-10-07";5;"5 пара (15:35-16:55)";"МДК.03.04 Производственное оборудование — вся группа, Самцов Андрей Евгеньевич, Лесная"
"ТОРД-4705п";"2026-10-07";6;"6 пара (17:05-18:25)";"-"
"ТОРД-4705п";"2026-10-07";7;"7 пара (18:35-19:55)";"-"
"ТМ-2417";"2026-10-07";1;"1 пара (08:30-09:55)";"-"
"ТМ-2417";"2026-10-07";2;"2 пара (10:05-11:30)";"-"
"ТМ-2417";"2026-10-07";3;"3 пара (12:25-13:50)";"-"
"ТМ-2417";"2026-10-07";4;"4 пара (14:00-15:25)";"Технология машиностроения — вся группа, Саламатина Вера Викторовна, Лесная"
"ТМ-2417";"2026-10-07";5;"5 пара (15:35-16:55)";"Материаловедение — вся группа, Саламатина Вера Викторовна, Лесная"
"ТМ-2417";"2026-10-07";6;"6 пара (17:05-18:25)";"География — вся группа, Кропотова Анастасия Андреевна, Лесная"
"ТМ-2417";"2026-10-07";7;"7 пара (18:35-19:55)";"ВМДК.07.01 Технология обработки на металлорежущих станках — вся группа, Саламатина Вера Викторовна, Лесная"
"ТМ-2418п";"2026-10-07";1;"1 пара (08:30-09:55)";"Химия — вся группа, Соболева Любовь Анатольевна, Кривоусова"
"ТМ-2418п";"2026-10-07";2;"2 пара (10:05-11:30)";"Инженерная графика — вся группа, Сивилькаев Вадим Михайлович, Кривоусова"
"ТМ-2418п";"2026-10-07";3;"3 пара (12:25-13:50)";"Инженерная графика — вся группа, Сивилькаев Вадим Михайлович, Кривоусова"
"ТМ-2418п";"2026-10-07";4;"4 пара (14:00-15:25)";"Инженерная графика — вся группа, Сивилькаев Вадим Михайлович, Кривоусова"
"ТМ-2418п";"2026-10-07";5;"5 пара (15:35-16:55)";"-"
"ТМ-2418п";"2026-10-07";6;"6 пара (17:05-18:25)";"-"
"ТМ-2418п";"2026-10-07";7;"7 пара (18:35-19:55)";"-"
"ТМ-3415";"2026-10-07";1;"1 пара (08:30-09:55)";"Иностранный язык в профессиональной деятельности — 1 п/г, Ермолина Ирина Павловна, Лесная"
"ТМ-3415";"2026-10-07";2;"2 пара (10:05-11:30)";"ЛПЗ МДК.02.01 Разработка и внедрение управляющих программ изготовления деталей машин — 1 п/г, Вальдиянов Ян Мансурович, Лесная"
"ТМ-3415";"2026-10-07";3;"3 пара (12:25-13:50)";"ЛПЗ МДК.01.01 Разработка технологических процессов изготовления деталей машин с применением систем автоматизированного проектироания — 1 п/г, Вальдиянов Ян Мансурович, Лесная"
"ТМ-3415";"2026-10-07";4;"4 пара (14:00-15:25)";"ЛПЗ ВМДК.06.01 Программирование для автоматизированного оборудования — 1 п/г, Вальдиянов Ян Мансурович, Лесная"
"ТМ-3415";"2026-10-07";5;"5 пара (15:35-16:55)";"ЛПЗ ВМДК.06.01 Программирование для автоматизированного оборудования — 2 п/г, Вальдиянов Ян Мансурович, Лесная"
"ТМ-3415";"2026-10-07";6;"6 пара (17:05-18:25)";"ЛПЗ ВМДК.06.01 Программирование для автоматизированного оборудования — 2 п/г, Вальдиянов Ян Мансурович, Лесная"
"ТМ-3415";"2026-10-07";7;"7 пара (18:35-19:55)";"Иностранный язык в профессиональной деятельности — 2 п/г, Ермолина Ирина Павловна, Лесная"
"ТМ-3416п";"2026-10-07";1;"1 пара (08:30-09:55)";"ЛПЗ ВМДК.06.01 Программирование для автоматизированного оборудования — 1 п/г, Вальдиянов Ян Мансурович, Лесная"
"ТМ-3416п";"2026-10-07";2;"2 пара (10:05-11:30)";"Иностранный язык в профессиональной деятельности — 1 п/г, Ермолина Ирина Павловна, Лесная"
"ТМ-3416п";"2026-10-07";3;"3 пара (12:25-13:50)";"-"
"ТМ-3416п";"2026-10-07";4;"4 пара (14:00-15:25)";"-"
"ТМ-3416п";"2026-10-07";5;"5 пара (15:35-16:55)";"-"
"ТМ-3416п";"2026-10-07";6;"6 пара (17:05-18:25)";"ЛПЗ МДК.01.02 Оформление технологической документации по процессам изготовления деталей машин — 2 п/г, Саламатина Вера Викторовна, Лесная"
"ТМ-3416п";"2026-10-07";7;"7 пара (18:35-19:55)";"ЛПЗ ВМДК.06.01 Программирование для автоматизированного оборудования — 2 п/г, Вальдиянов Ян Мансурович, Лесная"
"ТМ-4413";"2026-10-07";1;"1 пара (08:30-09:55)";"ЛПЗ МДК.03.01 Разработка и реализация технологических процессов в механосборочном производстве — 1 п/г, Сивилькаев Вадим Михайлович, Кривоусова"
"ТМ-4413";"2026-10-07";2;"2 пара (10:05-11:30)";"КП МДК.05.01 Планирование, организация и контроль деятельности подчиненного персонала — вся группа, Черепанова Татьяна Михайловна, Кривоусова"
"ТМ-4413";"2026-10-07";3;"3 пара (12:25-13:50)";"КП МДК.05.01 Планирование, организация и контроль деятельности подчиненного персонала — вся группа, Черепанова Татьяна Михайловна, Кривоусова"
"ТМ-4413";"2026-10-07";4;"4 пара (14:00-15:25)";"КП МДК.05.01 Планирование, организация и контроль деятельности подчиненного персонала — вся группа, Черепанова Татьяна Михайловна, Кривоусова"
"ТМ-4413";"2026-10-07";5;"5 пара (15:35-16:55)";"ЛПЗ МДК.03.01 Разработка и реализация технологических процессов в механосборочном производстве — 2 п/г, Сивилькаев Вадим Михайлович, Кривоусова"
"ТМ-4413";"2026-10-07";6;"6 пара (17:05-18:25)";"-"
"ТМ-4413";"2026-10-07";7;"7 пара (18:35-19:55)";"-"
"ТМ-4414п";"2026-10-07";1;"1 пара (08:30-09:55)";"-"
"ТМ-4414п";"2026-10-07";2;"2 пара (10:05-11:30)";"-"
"ТМ-4414п";"2026-10-07";3;"3 пара (12:25-13:50)";"-"
"ТМ-4414п";"2026-10-07";4;"4 пара (14:00-15:25)";"-"
"ТМ-4414п";"2026-10-07";5;"5 пара (15:35-16:55)";"ВМДК.05.02 Основы экономики и организации правового обеспечения в профессиональной деятельности — вся группа, Елагина Ольга Александровна, Кривоусова"
"ТМ-4414п";"2026-10-07";6;"6 пара (17:05-18:25)";"Физическая культура — вся группа, Потапова Регина Александровна, Кривоусова"
"ТМ-4414п";"2026-10-07";7;"7 пара (18:35-19:55)";"ЛПЗ МДК.03.01 Разработка и реализация технологических процессов в механосборочном производстве — 1 п/г, Сивилькаев Вадим Михайлович, Кривоусова"
"ИСП-2308";"2026-10-07";1;"1 пара (08:30-09:55)";"-"
"ИСП-2308";"2026-10-07";2;"2 пара (10:05-11:30)";"-"
"ИСП-2308";"2026-10-07";3;"3 пара (12:25-13:50)";"-"
"ИСП-2308";"2026-10-07";4;"4 пара (14:00-15:25)";"ЛПЗ Основы проектирования баз данных — 1 п/г, Михайлова Татьяна Алексеевна, Лесная"
"ИСП-2308";"2026-10-07";5;"5 пара (15:35-16:55)";"География — вся группа, Кропотова Анастасия Андреевна, Лесная"
"ИСП-2308";"2026-10-07";6;"6 пара (17:05-18:25)";"Теория вероятностей и математическая статистика — вся группа, Нифонтова Ирина Геннадьевна, Лесная"
"ИСП-2308";"2026-10-07";7;"7 пара (18:35-19:55)";"История — вся группа, Лучинин Александр Васильевич, Лесная"
"ИСП-2309п";"2026-10-07";1;"1 пара (08:30-09:55)";"-"
"ИСП-2309п";"2026-10-07";2;"2 пара (10:05-11:30)";"История — вся группа, Лучинин Александр Васильевич, Лесная"
"ИСП-2309п";"2026-10-07";3;"3 пара (12:25-13:50)";"История — вся группа, Лучинин Александр Васильевич, Лесная"
"ИСП-2309п";"2026-10-07";4;"4 пара (14:00-15:25)";"Дискретная математика с элементами математической логики — вся группа, Нифонтова Ирина Геннадьевна, Лесная"
"ИСП-2309п";"2026-10-07";5;"5 пара (15:35-16:55)";"Теория вероятностей и математическая статистика — вся группа, Нифонтова Ирина Геннадьевна, Лесная"
"ИСП-2309п";"2026-10-07";6;"6 пара (17:05-18:25)";"-"
"ИСП-2309п";"2026-10-07";7;"7 пара (18:35-19:55)";"-"
"ИСП-3306п";"2026-10-07";1;"1 пара (08:30-09:55)";"Иностранный язык в профессиональной деятельности — 1 п/г, Новосёлова Светлана Юрьевна, Лесная"
"ИСП-3306п";"2026-10-07";2;"2 пара (10:05-11:30)";"ЛПЗ МДК 01.03 Разработка мобильных приложений — 1 п/г, Меренчуков Иван Александрович, Лесная"
"ИСП-3306п";"2026-10-07";3;"3 пара (12:25-13:50)";"ЛПЗ МДК.01.04 Системное программирование — 1 п/г, Гарбузов Андрей Евгеньевич, Лесная"
"ИСП-3306п";"2026-10-07";4;"4 пара (14:00-15:25)";"-"
"ИСП-3306п";"2026-10-07";5;"5 пара (15:35-16:55)";"Иностранный язык в профессиональной деятельности — 2 п/г, Давыдова Валентина Алексеевна, Лесная"
"ИСП-3306п";"2026-10-07";6;"6 пара (17:05-18:25)";"Иностранный язык в профессиональной деятельности — 2 п/г, Давыдова Валентина Алексеевна, Лесная"
"ИСП-3306п";"2026-10-07";7;"7 пара (18:35-19:55)";"Иностранный язык в профессиональной деятельности — 2 п/г, Давыдова Валентина Алексеевна, Лесная"
"ИСП-3307п";"2026-10-07";1;"1 пара (08:30-09:55)";"ЛПЗ МДК.01.01 Разработка программных модулей — 1 п/г, Гарбузов Андрей Евгеньевич, Лесная | ЛПЗ МДК 01.03 Разработка мобильных приложений — 2 п/г, Меренчуков Иван Александрович, Лесная"
"ИСП-3307п";"2026-10-07";2;"2 пара (10:05-11:30)";"Физическая культура — вся группа, Нуров Мирзо Нуралиевич, Лесная"
"ИСП-3307п";"2026-10-07";3;"3 пара (12:25-13:50)";"Иностранный язык в профессиональной деятельности — 1 п/г, Новосёлова Светлана Юрьевна, Лесная | ЛПЗ МДК 01.03 Разработка мобильных приложений — 2 п/г, Меренчуков Иван Александрович, Лесная"
"ИСП-3307п";"2026-10-07";4;"4 пара (14:00-15:25)";"Иностранный язык в профессиональной деятельности — 2 п/г, Давыдова Валентина Алексеевна, Лесная | ЛПЗ МДК 01.03 Разработка мобильных приложений — 1 п/г, Меренчуков Иван Александрович, Лесная"
"ИСП-3307п";"2026-10-07";5;"5 пара (15:35-16:55)";"-"
"ИСП-3307п";"2026-10-07";6;"6 пара (17:05-18:25)";"-"
"ИСП-3307п";"2026-10-07";7;"7 пара (18:35-19:55)";"-"
"ИСП-4304";"2026-10-07";1;"1 пара (08:30-09:55)";"-"
"ИСП-4304";"2026-10-07";2;"2 пара (10:05-11:30)";"-"
"ИСП-4304";"2026-10-07";3;"3 пара (12:25-13:50)";"-"
"ИСП-4304";"2026-10-07";4;"4 пара (14:00-15:25)";"ЛПЗ МДК.02.03 Математическое моделирование — 2 п/г, Абрамчук Раида Филимазовна, Лесная"
"ИСП-4304";"2026-10-07";5;"5 пара (15:35-16:55)";"ЛПЗ МДК.02.02 Инструментальные средства разработки программного обеспечения — 1 п/г, Меренчуков Иван Александрович, Лесная | ЛПЗ ВМДК.05.01 Управление и автоматизация баз данных — 2 п/г, Гарбузов Андрей Евгеньевич, Лесная"
"ИСП-4304";"2026-10-07";6;"6 пара (17:05-18:25)";"ЛПЗ ВМДК.05.01 Управление и автоматизация баз данных — 1 п/г, Гарбузов Андрей Евгеньевич, Лесная | ЛПЗ ВМДК.05.02 Сертификация информационных систем — 2 п/г, Меренчуков Иван Александрович, Лесная"
"ИСП-4304";"2026-10-07";7;"7 пара (18:35-19:55)";"ЛПЗ МДК.02.02 Инструментальные средства разработки программного обеспечения — 1 п/г, Меренчуков Иван Александрович, Лесная | ЛПЗ ВМДК.05.01 Управление и автоматизация баз данных — 2 п/г, Гарбузов Андрей Евгеньевич, Лесная"
"ИСП-4305п";"2026-10-07";1;"1 пара (08:30-09:55)";"ЛПЗ МДК.02.03 Математическое моделирование — 2 п/г, Абрамчук Раида Филимазовна, Лесная | ЛПЗ МДК.04.01 Технология разработки и защиты баз данных — 1 п/г, Михайлова Татьяна Алексеевна, Лесная"
"ИСП-4305п";"2026-10-07";2;"2 пара (10:05-11:30)";"ЛПЗ МДК.04.01 Технология разработки и защиты баз данных — 2 п/г, Михайлова Татьяна Алексеевна, Лесная | ЛПЗ ВМДК.05.01 Управление и автоматизация баз данных — 1 п/г, Гарбузов Андрей Евгеньевич, Лесная"
"ИСП-4305п";"2026-10-07";3;"3 пара (12:25-13:50)";"ЛПЗ МДК.02.03 Математическое моделирование — 2 п/г, Абрамчук Раида Филимазовна, Лесная | ЛПЗ МДК.04.01 Технология разработки и защиты баз данных — 1 п/г, Михайлова Татьяна Алексеевна, Лесная"
"ИСП-4305п";"2026-10-07";4;"4 пара (14:00-15:25)";"ЛПЗ ВМДК.05.01 Управление и автоматизация баз данных — 2 п/г, Гарбузов Андрей Евгеньевич, Лесная"
"ИСП-4305п";"2026-10-07";5;"5 пара (15:35-16:55)";"-"
"ИСП-4305п";"2026-10-07";6;"6 пара (17:05-18:25)";"-"
"ИСП-4305п";"2026-10-07";7;"7 пара (18:35-19:55)";"-"
